Timestamp,name,Ambito di appartenenza del servizio:,Ente/Soggetto erogatore del servizio:,Indirizzo:,Referente del servizio e recapito diretto:,Contatti aggiuntivi:,Modalità di fruizione e di accesso al pubblico:,Condizioni economiche di accesso ,Giorni e orari di apertura:,Giorni della settimana e orari di apertura: [Lunedì],Giorni della settimana e orari di apertura: [Martedì],Giorni della settimana e orari di apertura: [Mercoledì],Giorni della settimana e orari di apertura: [Giovedì],Giorni della settimana e orari di apertura: [Venerdì],Giorni della settimana e orari di apertura: [Sabato],Giorni della settimana e orari di apertura: [Domenica],Periodo di apertura:,Seleziona i mesi di apertura:,Indica le occasioni di apertura:,Descrizione sintetica del servizio e quali sono le sue attività principali:,Età principali destinatari:,Altri target specifici:,È accessibile a persone con disabilità motoria?,Sono disponibili parcheggi entro 100 metri?  [Riservati agli utenti],Sono disponibili parcheggi entro 100 metri?  [Gratuiti],Sono disponibili parcheggi entro 100 metri?  [A pagamento],Sono disponibili parcheggi entro 100 metri?  [Riservati ai disabili],Data di compilazione:,Note aggiuntive:,latitude,longitude,coord_source,matched_poi_name,matched_poi_address,match_score,match_gap,match_status,map_category,address
45876.47257543981,Mercatino del Riuso,Servizi e attività economiche,Volontarie + Circoscrizione di Povo,via Don T. Dallafior 2 (ingresso da Piazzale Merler) o civico 5 (ingresso lato Chiesa),3204345956 Segretaria della circoscrizione,,Accesso libero,Gratuito,Aperto in determinati giorni/orari,Pomeriggio,,,Pomeriggio,,,,Sempre aperto,,,"Mercatino del riuso gestito da volontarie, attivo tutti i lunedì e giovedì dalle 14.00 alle 16.00 presso la Circoscrizione di Povo, nell'atrio all'ultimo piano 
(accessibile anche con l'ascensore). E' possibile portare articoli e capi di vestiario da regalare (selezionati, puliti e in ottimo stato), o ritirarli gratuitamente per il proprio uso personale e familiare.
Tra le cose accettate, oltre ad abbigliamento e scarpe, che vengono suddivisi per stagione, taglia e tipologia, come se fosse un vero negozio, vi sono giochi, articoli per la casa, giocattoli e piccoli elettrodomestici. 
Qualora si volessero cedere elementi di arredo o oggetti ingombranti, si segnala il sito internet http://www.tuttapovo.it/riuso/ nel quale è possibile caricare annunci o reperire informazioni e contatti per gli articoli ai quali si è interessati.",Tutte la età,"Studenti, Famiglie, Persone fragili o in situazione di svantaggio sociale, Tutti","Si, in autonomia",Si,Si,,Si,45876,,46.060188483996434,11.152226082577041,foursquare_povo.geojson,A&B Le Terrazze Del Sale' - Apartment And Breakfast,Via Alla Val n.61,73.5,73.5,da_verificare,Servizi e attività economiche,via Don T. Dallafior 2 (ingresso da Piazzale Merler) o civico 5 (ingresso lato Chiesa)
45881.396606689814,BOOKCROSSING presso Centro Civico,Cultura e tempo libero,Circoscrizione,Via don T.Dallafior 2 - Piazzale C. Merler,Circoscrizione di Povo tel. 0461 889920,presidente.circoscrizionepovo@comune.trento.it - circoscrizione.povo@comune.trento.it,Accesso libero,Gratuito,Aperto in determinati giorni/orari,"Mattina, Pomeriggio",Pomeriggio,Pomeriggio,"Mattina, Pomeriggio",Pomeriggio,,,Sempre aperto,,,"Punto di scambio libri a disposizione di tutti. Liberamente ognuno può lasciare dei volumi in buono stato e/o prendere i libri che desidera leggere. Non si sono limitazioni per quanto concerne le tipologie di libri (saggi, romanzi, fumetti, ecc.). Si chiede di non lasciare vecchie riviste o enciclopedie. In sostanza: lasciate i libri che donereste ad un amico, per il resto c'è il CRM.",Tutte la età,Tutti,"Si, in autonomia",,Si,,Si,45881,"Il servizio è sempre accessibile negli orari della biblioteca, con entrata sia da Via don Dallafior che da Piazzale Merler e ogniqualvolta il centro civico è aperto per qualsiasi altra attività",46.064879,11.153424,cultura_socialita_e_spazi_comuni.csv,Bookcrossing,Via don T.Dallafior 2 - Piazzale C. Merler,100.0,10.67,automatico,Cultura e tempo libero,Via don T.Dallafior 2 - Piazzale C. Merler
45881.40701921296,BOOKCROSSING al Parco del Salè,Cultura e tempo libero,Circoscrizione,Via Salè,Circoscrizione di Povo tel. 0461 889920,presidente.circoscrizionepovo@comune.trento.it - circoscrizione.povo@comune.trento.it,Accesso libero,Gratuito,Sempre aperto,,,,,,,,Sempre aperto,,,"E' una piccola libreria riparata da una tettoia, in cui ognuno può lasciare dei libri oppure prendere quelli che desidera. Può portarli via o leggerli in loco e poi rimetterli a posto. Si chiede di non lasciare vecchie riviste, libri obsoleti o enciclopedie: lasciare, cioè, i libri che si donerebbero ad un amico, cosicchè tutti possano beneficiarne.",Tutte la età,Tutti,"Si, in autonomia",Si,Si,,Si,45881,La libreria si trova all'interno del parco del Salè.,46.0625721,11.1522169,cultura_socialita_e_spazi_comuni.csv,Bookcrossing,Via Salè,100.0,9.86,automatico,Cultura e tempo libero,Via Salè
45881.85789099537,SALA VIDEO SERGIO NICHELATTI,Cultura e tempo libero,COMUNE DI TRENTO,"Povo - Piazzale C. Merler, 1",Circoscrizione di Povo tel. 0461 889920,circoscrizione.povo@comune.trento.it,Con prenotazione,A pagamento,Sempre aperto,,,,,,,,Sempre aperto,,,"Sala pubblica del Comune di Trento, collocata al piano terra del Centro civico (via Don T. Dallafior n. 7, Povo), prenotabile per conferenze, riunioni, incontri (no feste di compleanno, balli, ecc...). E' una sala rettangolare di 102 mq con 72 posti a sedere, interamente sbarrierata, dotata di videoproiettore e impianto di amplificazione: possibilità di parcheggio nell'attiguo Piazzale Merler e nell'autorimessa del Centro civico. Per prenotarla occorre accedere con SPID al portale Spazi comuni: https://spazicomuni.comune.trento.it/, scegliere Circoscrizione 7 - Povo e poi la sala, verificandone la disponibilità sul calendario (si raccomanda di effettuare la prenotazione con un anticipo di 15-20 giorni rispetto alla data desiderata).
I costi, indicati nel sito in fase di prenotazione, variano in base alla tipologia di utente ed all'orario di utilizzo",Tutte la età,Tutti,"Si, in autonomia",Si,Si,,Si,45881,"Sala adatta ad incontri divulgativi, dibattiti, conferenze, riunioni condominiali, concerti, performance teatrali, ecc. Dotata di sedie impilabili, può essere utilizzata per incontri formativi, mostre d'arte, giochi, dimostrazioni pratiche (es. di soccorso). ",46.064816,11.153304,cultura_socialita_e_spazi_comuni.csv,sala video Sergio Nichelatti,"Povo - Piazzale C. Merler, 1",100.0,100.0,automatico,Cultura e tempo libero,"Povo - Piazzale C. Merler, 1"
45882.3921765625,Monumento “Ai Caduti di tutte le Guerre” di Povo,Luoghi/monumenti di interesse storico/artistico e fontane,Comune di Trento,via Don T. Dallafior n. 1,Circoscrizione di Povo - 0461 889920,circoscrizione.povo@comune.trento.it,Accesso libero,Gratuito,Sempre aperto,,,,,,,,Sempre aperto,,,"Il monumento presenta una struttura in pietra di forma ondulata: nella parte anteriore si trovano una statua in bronzo raffigurante una donna che sostiene un uomo ai suoi piedi, una lanterna in bronzo e la scritta dedicatoria. Sul lato opposto invece si trova la lista dei caduti e dispersi delle due Guerre Mondiali.",Tutte la età,Tutti,"Si, previa assistenza",Si,Si,,Si,45882,,46.07052905715088,11.162651797362217,foursquare_povo.geojson,Asilo Nido di Oltrecastello,Via Borino 1,80.54,2.19,da_verificare,Luoghi/monumenti di interesse storico/artistico e fontane,via Don T. Dallafior n. 1
45882.39901814815,"Lapide commemorativa di Giannantonio Manci, partigiano italiano, eroe della resistenza",Luoghi/monumenti di interesse storico/artistico e fontane,Comune di Trento,Piazza G. Manci n. 6,Circoscrizione di Povo tel. 0461 889920,circoscrizione.povo@comune.trento.it,Accesso libero,Gratuito,Sempre aperto,,,,,,,,Sempre aperto,,,"Martire della Resistenza trentina (Trento, 14 dicembre 1901 – Bolzano, 6 luglio 1944). Nel 1940-41 Manci prestò servizio a Trento, col grado di capitano, presso il deposito dell'11° Reggimento alpini di Trento. L'8 settembre 1943, all'annuncio dell'armistizio, entrò nelle file della Resistenza, impegnandosi nell'organizzazione del movimento partigiano trentino. Ai primi di luglio del 1944, in seguito a delazione, fu arrestato dai tedeschi; trasportato a Bolzano e rinchiuso in quelle carceri, per non cedere alle torture si tolse la vita, gettandosi da una finestra durante un interrogatorio. Ogni anno, in prossimità di questa targa e di un'altra lapide a lui dedicata in centro città, al n. 12 della Galleria dei partigiani, si svolge una cerimonia commemorativa.",Tutte la età,Tutti,"Si, in autonomia",No,Si,,Si,45882,,46.06570760871926,11.154961454648857,foursquare_povo.geojson,Cassa Rurale Di Trento,Piazza Manci 17,87.85,1.02,da_verificare,Luoghi/monumenti di interesse storico/artistico e fontane,Piazza G. Manci n. 6
45882.406362291666,Forte Sella di Roncogno,Luoghi/monumenti di interesse storico/artistico e fontane,Comune di Trento,"Passo del Cimirlo, 87",info@cngeitrento.it,trento@pec.cngei.it,Con prenotazione,Gratuito,Aperto in determinati giorni/orari,,,,,,,,Solo in determinate occasioni,,Attività degli Scout CNGEI o di rilevanza circoscrizionale,"Forte Roncogno, la cui definizione corretta è “Batteria Roncogno”, è un forte austriaco alle pendici del Monte Celva, al passo del Cimirlo, che faceva parte del grande sistema di fortificazioni austriache al confine italiano.
Ubicato a 8 Km da Trento,  a 805 m di altitudine, ha pianta a ferro di cavallo ed è stato realizzato con pietrame calcareo reperito in zona; sbarrava il passo Cimirlo, insieme alle opere di Civezzano sul fronte opposto, e costituiva uno dei capisaldi del fronte est della fortezza di Trento.
I lavori per la sua realizzazione durarono dal 1879 al 1881. Fin da prima dello scoppio del primo conflitto mondiale fu ritenuto obsoleto dagli austro-ungarici e quindi disarmato; i suoi armamenti vennero spostati in apposite caverne, sulle pendici settentrionali del Celva. Questo sistema di trinceramenti e batterie sono ancora oggi visitabili se muniti di apposite torce. Di particolare interesse in prossimità del Forte risulta la visita del “Sentiero dei 100 scalini”. Nel 1949 divenne proprietà del comune di Trento, che tra il 1989 e il 2010 ha poi condotto delle operazioni di restauro. Dal 2016 è assegnato in concessione di utilizzo alla Sezione scout CNGEI sezione di Trento.",Tutte la età,Tutti,"Si, previa assistenza",Si,Si,No,No,45882,,46.06636727452834,11.140654413991328,foursquare_povo.geojson,Bar di Ingegneria dell'Università degli Studi di Trento,Via Mesiano 77,74.84,0.7,da_verificare,Luoghi/monumenti di interesse storico/artistico e fontane,"Passo del Cimirlo, 87"
45882.51838630787,BIBLIOTECA COMUNALE DI TRENTO – SEDE DI POVO,Cultura e tempo libero,Comune di Trento,"Via don Tommaso Dallafior, 5",Telefono biblioteca di Povo:0461 889917 / 0461 889918,biblioteca.povo@comune.trento.it,Accesso libero,Gratuito,Aperto in determinati giorni/orari,"Mattina, Pomeriggio",Pomeriggio,Pomeriggio,"Mattina, Pomeriggio",Mattina,,,Sempre aperto,,,"La biblioteca è al primo piano del Centro Civico di Povo, raggiungibile anche con ascensore: dispone di 28 posti a sedere al tavolo e di 14 su divani e poltrone, di una sala sala dedicata ai bambini più piccoli e di un patrimonio di circa 15.000/15.500 volumi. Oltre alle classiche sezioni, comuni a tutte le sedi periferiche del comune di Trento, ci sono due sezioni che si occupano di specifiche tematiche: 
- Educando - crescendo: sezione rivolta ai neo-genitori che comprende tutta la manualistica di riferimento, saggi, self-help a tema gravidanza, figli, problemi dell'adolescenza;
- Futurama: una sezione tematica con un taglio sociologico e antropologico, dedicata ai temi dell'intelligenza artificiale e delle nuove tecnologie. 
Gli orari di apertura variano sensibilmente tra periodo estivo e invernale. 
Per informazioni consultare il sito: https://bibcom.trento.it/Orari-e-sedi/Sedi-periferiche/Povo",Tutte la età,Tutti,"Si, in autonomia",Si,Si,,Si,45882,,46.064937,11.153418,cultura_socialita_e_spazi_comuni.csv,Biblioteca Comunale,"Via don Tommaso Dallafior, 5",100.0,16.0,automatico,Cultura e tempo libero,"Via don Tommaso Dallafior, 5"
45882.683350810184,ANFITEATRO ALL'APERTO / ARENA,Cultura e tempo libero,Comune di Trento - Ufficio Parchi e Giardini,"Piazza Manci, Povo (nel parco adiacente la Banca per il Trentino Alto Adige - filiale di Povo))",Ufficio parchi e giardini - 0461 884528,ufficio.verde@comune.trento.it,Accesso libero,Gratuito,Sempre aperto,,,,,,,,Sempre aperto,,,"Spazio emiciclico all'aperto, collocato all'interno del parco adiacente alla Banca per il Trentino Alto Adige-filiale di Povo, normalmente accessibile agli utilizzatori di quest'area verde. Può essere utilizzato anche per eventi e manifestazioni previa presentazione della richiesta all'Ufficio parchi e giardini del Comune di Trento sia per la verifica della disponibilità che per la quantificazione dei costi di occupazione suolo pubblico. I posti ricavati sui gradoni in pietra sono circa 100.",Tutte la età,Tutti,"Si, previa assistenza",Si,Si,,Si,45882,,46.065413,11.154953,cultura_socialita_e_spazi_comuni.csv,Anfiteatro all'aperto,"Piazza Manci, Povo (nel parco adiacente la Banca per il Trentino Alto Adige - filiale di Povo))",100.0,100.0,automatico,Cultura e tempo libero,"Piazza Manci, Povo (nel parco adiacente la Banca per il Trentino Alto Adige - filiale di Povo))"
45883.38846724537,CASA SOCIALE ,Cultura e tempo libero,Kaleidoscopio Scs con la Circoscrizione di Povo,"Povo, Via Salè 1",Paola Rizzolli - Kaleidoscopio - 3299060104,povo.educa@kaleidoscopio.coop,Con prenotazione,A pagamento,Aperto in determinati giorni/orari,,,,,,,,Solo in determinate occasioni,,"La sala si trova all'interno della ""Casa Sociale"", una struttura in uso ad un pool di associazioni aderenti al patto di coesione territoriale PovoEduca, stipulato fra il Comune di Trento e Kaleidoscopio, ente capofila che, assieme alla Circoscrizione, ne gestisce il calendario e la programmazione delle attività. Nei tempi liberi può essere prenotata anche da esterni, associazioni e privati. Per la disponibilità è necessario verificare il calendario con Kaleidoscopio: povo.educa@kaleidoscopio.coop","La struttura è composta dalla sala Agorà, che può ospitare fino a 130 persone, utilizzabile per conferenze, spettacoli, attività ludico sportive, feste, incontri conviviali, una cucina laboratorio con annessa saletta di appoggio, una sala living, con capienza di circa 30 persone, dotata di divani e armadi, utilizzabile per attività varie, riunioni e incontri; una sala musica al primo piano, per prove di gruppi musicali. Gli spazi della Casa Sociale possono essere prenotati anche da esterni, associazioni e privati, contattando con congruo anticipo la Kaleidoscopio alla mail: povo.educa@kaleidoscopio.coop.
Ampie porte-finestre danno accesso ad un grande prato con alberi, recintato e ad uso esclusivo. L'eventuale uso della cucina è possibile sia come appoggio per la distribuzione di cibi pronti che per il confezionamento di semplici pasti, previa richiesta dei necessari permessi e nel rispetto delle regole di comportamento illustrate da un responsabile di Kaleidoscopio.",Tutte la età,Tutti,"Si, in autonomia",Si,Si,,Si,45883,"La Casa Sociale è stata inaugurata il 14 dicembre 2024. Ora i suoi spazi, totalmente rinnovati, sono utilizzati dalla comunità di Povo per i più diversi scopi:  riunioni, spettacoli musicali e teatrali, feste, attività ludico/sportive, conferenze, attività formative, incontri conviviali fra gruppi, cene solidali, ecc. Alcune associazioni aderiscono al patto per svolgere attività continuative. La Circoscrizione dispone di un certo numero di giornate all'anno di utilizzo a titolo gratuito per attività che coinvolgono tutta la comunità. Per attività occasionali le sale della struttura possono essere prenotate da gruppi o da privati. Per i costi di noleggio e per la verifica della disponibilità, rivolgersi a povo.educa@kaleidoscopio.coop.",46.064387,11.152653,cultura_socialita_e_spazi_comuni.csv,Casa Sociale,Via Salè 1,100.0,21.86,automatico,Cultura e tempo libero,"Povo, Via Salè 1"
45885.43288953704,BANCA PER IL TRENTINO ALTO ADIGE - BANK FUER TRENTINO SUEDTIROL,Servizi e attività economiche,Banca di Credito Cooperativo Italiano filiale di Povo,"Piazza G. Manci, 17 - Povo (Trento)",Direttore di filiale - 0461 206350,filiale010@bancapts.it,Accesso libero,Misto,Aperto in determinati giorni/orari,"Mattina, Pomeriggio","Mattina, Pomeriggio","Mattina, Pomeriggio","Mattina, Pomeriggio","Mattina, Pomeriggio",,,Sempre aperto,,,"La filiale di Povo offre, oltre a tutti i servizi bancari (tra cui finanziamenti, investimenti, servizi assicurativi e servizi di pagamento), anche servizio di cassette di sicurezza, servizio di cassa dal lun al ven 8.05-13.20 e consulenza anche il pomeriggio con orario 14.30-16.00, previo appuntamento (per le condizioni consultare la filiale. Condizioni particolari riservate ai soci). E' dotata di ATM per prelievi, ricariche, ecc. e versamenti in cassa continua, accessibile 24 ore su 24.","Adolescenti (11–17 anni), Giovani (18–30 anni), Adulti (31–64 anni), Anziani (65+)","Tutti, E' possibile richiedere l'ammissione a soci, usufruendo di condizioni e servizi riservati","Si, in autonomia",Si,Si,,Si,45885,"Situata al piano terra di un edificio prospicente a Piazza Manci, con parcheggio riservto alla clientela, la filiale è gestita da un direttore di filiale, alcuni operatori di sportello ed alcuni consulenti. 
https://www.bancapts.it/
indirizzo mail della filiale di Povo: filiale010@bancapts.it ",46.065662,11.154894,commercio_e_servizi_di_prossimita.csv,Banca per il Trentino Alto Adige - Bank für Trentino Südtirol,Piazza Manci 17,98.87,22.06,automatico,Servizi e attività economiche,"Piazza G. Manci, 17 - Povo (Trento)"
45891.47858553241,Sala Multiuso 2 presso Centro civico,Cultura e tempo libero,Comune di Trento,via Don T. Dallafior 5,Circoscrizione di Povo - 0461 889920,circoscrizione.povo@comune.trento.it,Con prenotazione,Misto,Aperto in determinati giorni/orari,,,,,,,,Solo in determinate occasioni,,Previa prenotazione,"Sala pubblica del Comune di Trento, collocata al primo piano del Centro civico (via Don T. Dallafior n. 5, Povo), prenotabile per piccole riunioni, incontri, corsi (no feste di compleanno ecc...). E' una sala rettangolare da 52 mq, sbarrierata (raggiungibile tramite ascensore), con possibilità di parcheggio nell'attiguo Piazzale Merler e nell'autorimessa del Centro civico. Per prenotarla occorre accedere con SPID al portale Spazi comuni: https://spazicomuni.comune.trento.it/, scegliere Circoscrizione 7 - Povo e poi la sala, verificandone la disponibilità sul calendario (si raccomanda di effettuare la prenotazione con un anticipo di 15-20 giorni rispetto alla data desiderata).
I costi, indicati nel sito in fase di prenotazione, variano in base alla tipologia di utente ed all'orario di utilizzo. Per informazioni: Circoscrizione di Povo tel. 0461 889920 - circoscrizione.povo@comune.trento.it",Tutte la età,Tutti,"Si, in autonomia",Si,Si,,Si,45891,,46.064937,11.153418,cultura_socialita_e_spazi_comuni.csv,Sala Multiuso 2 presso Centro civico,Via Don T. Dallafior 5,100.0,20.53,automatico,Cultura e tempo libero,via Don T. Dallafior 5
45894.412234675925,Bar In Centro,Ristorazione e agriturismi,Privato,P.zza Manci n. 9 ,Travaglia Loris 349 8537577,,Accesso libero,Misto,Aperto in determinati giorni/orari,"Mattina, Pomeriggio, Sera","Mattina, Pomeriggio, Sera","Mattina, Pomeriggio, Sera","Mattina, Pomeriggio, Sera","Mattina, Pomeriggio, Sera","Mattina, Pomeriggio, Sera",Mattina,Sempre aperto,,,"Bar ideale per colazioni e aperitivi, aperto tutti i giorni dalle 7.00 alle 22.00; la domenica dalle 7.00 alle 13.00. Offre caffè e affini, bibite e tramezzini (no pasti) - posti a sedere all'interno del locale, sul terrazzo e nell'area antistante l'ingresso. ",Tutte la età,Tutti,"Si, in autonomia",,Si,,Si,45894,Molto frequentato,46.06636727452834,11.140654413991328,foursquare_povo.geojson,Bar di Ingegneria dell'Università degli Studi di Trento,Via Mesiano 77,74.73,0.59,da_verificare,Ristorazione e agriturismi,P.zza Manci n. 9 
45894.41619054398,Bar Al Canton,Ristorazione e agriturismi,privato,P.zza Manci n. 21,Daniela Tonezzer - cell. 3395717713,,Accesso libero,Misto,Aperto in determinati giorni/orari,"Mattina, Pomeriggio, Sera","Mattina, Pomeriggio, Sera","Mattina, Pomeriggio, Sera","Mattina, Pomeriggio, Sera","Mattina, Pomeriggio, Sera","Mattina, Pomeriggio, Sera",,Sempre aperto,,,"Bar ideale per colazioni e aperitivi (no pasti), aperto dal lunedì al sabato con orario 7.00-20.30. Posti a sedere all'interno e su plateatico esterno.",Tutte la età,Tutti,"Si, in autonomia",,Si,,Si,45894,Molto frequentato,46.06636727452834,11.140654413991328,foursquare_povo.geojson,Bar di Ingegneria dell'Università degli Studi di Trento,Via Mesiano 77,74.73,0.59,da_verificare,Ristorazione e agriturismi,P.zza Manci n. 21
45895.46020850695,OFFICINA MECCANICA ELETTRAUTO GOMMISTA,Servizi e attività economiche,AUTODELTA SRL UNIPERSONALE,"VIA SOMMARIVE, 2",LORENZO ZORDAN,0461810667 -  info@autodeltapovo.it,Accesso libero,A pagamento,Aperto in determinati giorni/orari,"Mattina, Pomeriggio","Mattina, Pomeriggio","Mattina, Pomeriggio","Mattina, Pomeriggio","Mattina, Pomeriggio",,,Sempre aperto,,,RIPARAZIONE AUTOVEICOLI - ELETTRAUTO - GOMMISTA,"Giovani (18–30 anni), Adulti (31–64 anni), Anziani (65+)",Tutti,"Si, previa assistenza",Si,Si,No,No,45895,MOLTO FREQUENTATA,46.063956,11.150402,commercio_e_servizi_di_prossimita.csv,Officina Meccanina Elettrauto Gommista,Via Sommarive 2,98.21,8.07,automatico,Servizi e attività economiche,"VIA SOMMARIVE, 2"
45895.747667476855,Pane e non solo,Ristorazione e agriturismi,Privato,"Via Don Dallafior, 2",Cristina Merz  3487896070,,Accesso libero,A pagamento,Aperto in determinati giorni/orari,"Mattina, Pomeriggio","Mattina, Pomeriggio","Mattina, Pomeriggio","Mattina, Pomeriggio","Mattina, Pomeriggio",Mattina,Mattina,Sempre aperto,,,Si pagano gli acquisti/consumazioni,Tutte la età,Tutti,"Si, in autonomia",No,Si,,,45895,abbastanza frequentata. Fa anche servizi per eventi.,46.065756452401104,11.154204662177454,foursquare_povo.geojson,Pane… E Non Solo,None,84.0,6.0,da_verificare,Ristorazione e agriturismi,"Via Don Dallafior, 2"
45895.75203862268,Gelateria Dolomeis,Ristorazione e agriturismi,Privato,Piazza G: Manci,Degasperi Francesco 3335625279,,Accesso libero,A pagamento,Aperto in determinati giorni/orari,,"Mattina, Pomeriggio, Sera","Mattina, Pomeriggio, Sera","Mattina, Pomeriggio, Sera","Mattina, Pomeriggio, Sera","Mattina, Pomeriggio, Sera","Mattina, Pomeriggio, Sera",Solo in alcuni periodi dell'anno,"Marzo, Aprile, Maggio, Giugno, Luglio, Agosto, Settembre, Ottobre",,"Chiosco che produce gelato artigianale, torte-gelato e affini, offrendo anche un servizio a domicilio con la cargo bike. Simpatica la proposta di coppe speciali che riprendono il nome dei principali promontori attorno a Povo: Sant'Agata, Cimirlo, Marzola, Celva e Chegul.",Tutte la età,Tutti,"Si, in autonomia",,Si,,,45895,Abbastanza frequentata,46.06619208310082,11.154869782406873,foursquare_povo.geojson,Gelateria Peterle,Piazza Giannantonio Manci,76.62,76.62,da_verificare,Ristorazione e agriturismi,Piazza G: Manci
45895.78692327546,CENTRO ESTETICO,Servizi e attività economiche,ESTETICA MIA DI MOSNA ALESSANDRA,"VIA DELLA RESISTENZA, 25",MOSNA ALESSANDRA ,0461811061 - esteticamia15@gmail.com - www.esteticamia.it,Accesso libero,A pagamento,Aperto in determinati giorni/orari,"Pomeriggio, Sera","Mattina, Pomeriggio, Sera","Mattina, Pomeriggio","Pomeriggio, Sera","Mattina, Pomeriggio, Sera",,,Sempre aperto,,,TRATTAMENTI VISO E CORPO PROFESSIONALI,"Adolescenti (11–17 anni), Giovani (18–30 anni), Adulti (31–64 anni), Anziani (65+)","Turisti / Visitatori, Sportivi / Escursionisti, Studenti, Lavoratori / Pendolari, Persone fragili o in situazione di svantaggio sociale","Si, previa assistenza",No,Si,No,No,45895,MEDIAMENTE FREQUENTATA,46.066208,11.155608,commercio_e_servizi_di_prossimita.csv,Centro Estetico,Via della Resistenza 25,100.0,25.22,automatico,Servizi e attività economiche,"VIA DELLA RESISTENZA, 25"
45895.79948780093,Pizzeria Orostube,Ristorazione e agriturismi,Privato,"Via Sommarive, 10",Gianni Giovannini  0461-816073,,Accesso libero,A pagamento,Aperto in determinati giorni/orari,"Mattina, Sera","Mattina, Sera","Mattina, Sera","Mattina, Sera","Mattina, Sera","Mattina, Sera",,Sempre aperto,,,,Tutte la età,Tutti,"Si, in autonomia",Si,Si,,,45895,molto frequentato. Non accessibile ai cani.,46.06474924527674,11.150489113549739,foursquare_povo.geojson,Orostube,"Via Sommarive, 10",100.0,100.0,automatico,Ristorazione e agriturismi,"Via Sommarive, 10"
45896.51405462963,Pizza Rio,Ristorazione e agriturismi,Privato,Via della Resistenza 9/A,Reale Leonardo  tel.0461811555 cell. 3457641322,,Accesso libero,A pagamento,Aperto in determinati giorni/orari,"Mattina, Sera","Mattina, Sera","Mattina, Sera","Mattina, Sera","Mattina, Sera",Sera,Sera,Sempre aperto,,,Offre soprattutto pizze da asporto con qualche tavolo per la consumazione sul posto non servita.,Tutte la età,,"Si, in autonomia",,Si,,,45896,molto frequentata soprattutto dagli studenti per il pranzo.,46.06630802763667,11.154953132785442,foursquare_povo.geojson,Pizza Rio,"Via della Resistenza, 9",100.0,100.0,automatico,Ristorazione e agriturismi,Via della Resistenza 9/A
45896.62153497685,Agritur Verderame,Ristorazione e agriturismi,PRIVATO,"Via della Selva, 49 38123 – Oltrecastello (TN)",LUCA LANER +39 3485114105,"info@agriturverderame.it
www.agriturverderame.it",Con prenotazione,A pagamento,Sempre aperto,,,,,,,,Sempre aperto,,,"Il silenzio della natura e il foliage dei vigneti, il profilo delle montagne e il colore del cielo, tra benessere, sport e relax.
Tanti elementi s’incontrano all’Agritur Verderame per regalarti
la vacanza perfetta, nella natura ad un passo dalla città. Scoprici!",Tutte la età,"Turisti / Visitatori, Sportivi / Escursionisti, Famiglie, Lavoratori / Pendolari, Associazioni / Gruppi organizzati","Si, previa assistenza",Si,Si,,,45896,STRUTTURA NUOVA,,,,,,0.0,0.0,non_trovato,Ristorazione e agriturismi,"Via della Selva, 49 38123 – Oltrecastello (TN)"
45896.626471180556,AGRITUR 8 GRAPPOLI,Ristorazione e agriturismi,PRIVATO,"Via Graffiano, 14/E – TN",Giorgia Lorenz  3474331891,"+39 392 530 6450
www.8grappoliagritur.com
info@8grappoliagritur.com
facebook.com/8grappoli/
instagram.com/8grappoli_agritur/",Con prenotazione,A pagamento,Sempre aperto,,,,,,,,Sempre aperto,,,"Un sogno e un progetto che portavamo avanti da qualche anno. Il nostro scopo era quello di creare un punto d’incontro tra noi, la nostra azienda, i nostri prodotti e il consumatore finale. Ci piace pensare che attraverso l’agritur possiamo mostrare quello che facciamo e soprattutto come lo facciamo.",Tutte la età,"Turisti / Visitatori, Lavoratori / Pendolari","Si, in autonomia",Si,Si,,,45896,Nel 2019 siamo riusciti a realizzare l’Agritur 8 Grappoli,46.06205425840148,11.148904052792833,foursquare_povo.geojson,8 Grappoli Agritur,Via Graffiano 14\u002FE E,100.0,100.0,automatico,Ristorazione e agriturismi,"Via Graffiano, 14/E – TN"
45896.63372938657,AGRITUR LA TENUTA ,Ristorazione e agriturismi,PRIVATO,"via VIA della Selva, 27A - 38123 - Trento (TN) - ITALIA",GRISENTI GIUSEPPE  +39 329 878 2648,"www.agriturlatenuta.it
reception@agriturlatenuta.it
Facebook
 Instagram
 Airbnb
 Youtube",Con prenotazione,A pagamento,Sempre aperto,,,,,,,,Sempre aperto,,,"Il nostro complesso, situato a pochi minuti dal centro storico di Trento, è una residenza esclusiva ed elegante, dove si fondono in modo armonioso elementi naturali e urbani.
Perfetta per soggiorni brevi e disponibile anche per affitti medio-lunghi, offre ambienti spaziosi, luminosi e accoglienti, dal design raffinato e il massimo comfort.",Tutte la età,"Turisti / Visitatori, Studenti, Lavoratori / Pendolari","Si, in autonomia",Si,Si,,,45896,"La posizione strategica rende questi alloggi la scelta ideale sia per un piacevole viaggio alla scoperta della gran varietà di punti d’interesse che circondano la zona, sia per dedicarsi alle diverse attività ricreative presenti nei dintorni.",46.063032598284465,11.15567816158737,foursquare_povo.geojson,La Cassa Rurale Comano Terme,Via Marconi 4,76.43,76.43,da_verificare,Ristorazione e agriturismi,"via VIA della Selva, 27A - 38123 - Trento (TN) - ITALIA"
45896.644544166666,AGRITUR PONTE ALTO,Ristorazione e agriturismi,PRIVATO, Località Ponte Alto Via alla Cascata 27 – Loc.Povo,FURLANI ,"+39 0461 810753
+39 3471474234
+39 3495811591",Con prenotazione,A pagamento,Sempre aperto,,,,,,,,Sempre aperto,,,"Per chi desidera un luogo immerso nel verde tra vigneti e un panorama mozzafiato, a un passo da Trento, l’Agriturismo Ponte Alto è la meta ideale.",Tutte la età,"Turisti / Visitatori, Sportivi / Escursionisti, Famiglie, Lavoratori / Pendolari","Si, in autonomia",Si,Si,,,45896,"Siamo lieti di accogliervi per un soggiorno all’insegna dell’ospitalità, tra cucina del territorio, spumanti e cosmetici naturali di nostra produzione, e suggerimenti per visitare questo splendido angolo di Trentino.",46.072605740515804,11.152167514564578,foursquare_povo.geojson,Agritur Ponte Alto,Via alla Cascata 27,100.0,26.93,automatico,Ristorazione e agriturismi, Località Ponte Alto Via alla Cascata 27 – Loc.Povo
45896.66213628472,VIGILI DEL FUOCO,Associazioni e gruppi,ASSOCIAZIONE DI VOLONTARIATO,"Via Sabbioni 22/1, Trento, Italy",0461 811414,"Instagram · vigili_del_fuoco_povo
povo@distrettovvftrento.it
http://www.distrettovvftrento.it/corpo.php?id=28","Accesso riservato a determinati utenti (es. tesserati, residenti, …)",Gratuito,Aperto in determinati giorni/orari,,,Sera,,,,,Solo in determinate occasioni,,QUANDO CI SONO SERVIZI ATTIVI O MANIFESTAZIONI ,è una associazione che si occupa di interventi d'urgenza per incendi-allarmi acqua-allarme animali-allarmi chiusure porte ,"Adolescenti (11–17 anni), Giovani (18–30 anni), Adulti (31–64 anni)","Famiglie, Associazioni / Gruppi organizzati","Si, in autonomia",Si,Si,,,45896,,46.06789470125595,11.152926111628863,foursquare_povo.geojson,Vigili Del Fuoco Volontari Povo,Via Sabbioni 1,100.0,25.86,automatico,Associazioni e gruppi,"Via Sabbioni 22/1, Trento, Italy"
45896.71338290509,SCUOLA PRIMARIA PROVINCIALE,Servizi e attività economiche,SCUOLA PRIMARIA U. MOGGIOLI ,"VIA DEI RIVI, 6",PEGORETTI PIERA - DIRIGENTE SCOLASTICA,0461810355 - segr.ic.tn1@scuole.provincia.tn.it - www.ictrento1.it,"Accesso riservato a determinati utenti (es. tesserati, residenti, …)",Gratuito,Aperto in determinati giorni/orari,"Mattina, Pomeriggio","Mattina, Pomeriggio","Mattina, Pomeriggio","Mattina, Pomeriggio",Mattina,,,Solo in alcuni periodi dell'anno,"Gennaio, Febbraio, Marzo, Aprile, Maggio, Giugno, Settembre, Ottobre, Novembre, Dicembre",,SERVIZIO PUBBLICO CHE SI OCCUPA DELL'ISTRUZIONE SCOLASTICA PRIMARIA ,Bambini (0–10 anni),,"Si, in autonomia",Si,Si,No,Si,45896,STRUTTURA SCOLASTICA REGOLARMENTE FREQUENTATA ,46.064745,11.151806,foursquare_povo.geojson,Scuola Materna - Povo di Trento,Via Pantè 1,78.35,4.97,da_verificare,Servizi e attività economiche,"VIA DEI RIVI, 6"
45896.744090810185,CABINA PER FOTOTESSERE,Servizi e attività economiche,DEDEM SPA,"VIA CANCELLIERA, 59 -  00072 ARICCIA RM",SERVIZIO CLIENTI 0693026870,06930261 - info@dedem.it - www.dedem.it,Accesso libero,A pagamento,Sempre aperto,,,,,,,,Sempre aperto,,,PRODUZIONE FOTOTESSERE PER DOCUMENTI - COSTO 6 EURO,Tutte la età,Tutti,"Si, previa assistenza",No,Si,No,Si,45896,STRUTTURA MEDIAMENTE FREQUENTATA,46.064386,11.152402,commercio_e_servizi_di_prossimita.csv,Cabina Fototessere,-,100.0,24.79,automatico,Servizi e attività economiche,"VIA CANCELLIERA, 59 -  00072 ARICCIA RM"
45897.45691916667,MERCATO SETTIMANALE DI PIAZZA MANCI,Servizi e attività economiche,Vari commercianti ambulanti,Piazza Manci - Povo,,,Accesso libero,A pagamento,Aperto in determinati giorni/orari,,Mattina,Mattina,,,Mattina,,Sempre aperto,,,"Mercato degli ambulanti, in determinati giorni della settimana, al mattino, in Piazza Manci. Il martedì: bancarella di frutta e verdura e abbigliamento, 
mercoledì: bancarelle di frutta e verdura, pane dolci tipici altoatesini, piante e fiori, 
sabato: rosticceria e friggitoria pollame, frutta e verdura.",Tutte la età,Tutti,"Si, in autonomia",,Si,,Si,45897,Il mercato è funzionante nelle prime ore del mattino (verso le 7.30) e fino alle 13.00,46.066002,11.154465,commercio_e_servizi_di_prossimita.csv,Mercato Settimanale,Piazza Manci - Povo,100.0,9.86,automatico,Servizi e attività economiche,Piazza Manci - Povo
45898.68980221065,SCUOLA EQUIPARATA DELL'INFANZIA,Servizi e attività economiche,SCUOLA EQUIPARATA DELL'INFANZIA DI POVO SUOR ANGELINA LORENZINI,"VIA PANTE', 1",GRISENTI GIUSEPPE - 3356342205,0461810049/810970 - posta@scuolainfanziapovo.it - www.scuolainfanziapovo.it,"Accesso riservato a determinati utenti (es. tesserati, residenti, …)",Gratuito,Aperto in determinati giorni/orari,"Mattina, Pomeriggio","Mattina, Pomeriggio","Mattina, Pomeriggio","Mattina, Pomeriggio","Mattina, Pomeriggio",,,Solo in alcuni periodi dell'anno,"Gennaio, Febbraio, Marzo, Aprile, Maggio, Giugno, Luglio, Settembre, Ottobre, Novembre, Dicembre",,SERVIZIO PUBBLICO CHE SI OCCUPA DELLA GESTIONE DEI BAMBINI DA 3 AI 6 ANNI,Bambini (0–10 anni),,"Si, previa assistenza",Si,Si,No,Si,45898,STRUTTURA MEDIAMENTE FREQUENTATA,46.064807,11.153469,foursquare_povo.geojson,Scuola equiparata dell'infanzia di Povo,Via Pantè 1,100.0,9.86,automatico,Servizi e attività economiche,"VIA PANTE', 1"
45898.70436875,SCUOLA PROVINCIALE DELL'INFANZIA,Servizi e attività economiche,"SCUOLA PROVINCIALE DELL'INFANZIA DI TRENTO POVO ""M.C. CONOTTER""","VIA DELLA RESISTENZA, 48",CHIARA NADALON - 0461496952,0461810574 - scuolainfanzia.povo@scuole.provincia.tn.it - www.vivoscuola.it,"Accesso riservato a determinati utenti (es. tesserati, residenti, …)",Gratuito,Aperto in determinati giorni/orari,"Mattina, Pomeriggio","Mattina, Pomeriggio","Mattina, Pomeriggio","Mattina, Pomeriggio","Mattina, Pomeriggio",,,Solo in alcuni periodi dell'anno,"Gennaio, Febbraio, Marzo, Aprile, Maggio, Giugno, Luglio, Settembre, Ottobre, Novembre, Dicembre",,SERVIZIO PUBBLICO CHE SI OCCUPA DELLA GESTIONE DEI BAMBINI DAI 3 AI 6 ANNI,Bambini (0–10 anni),,"Si, previa assistenza",Si,Si,No,Si,45898,STRUTTURA MEDIAMENTE FREQUENTATA,46.064745,11.151806,foursquare_povo.geojson,Scuola Materna - Povo di Trento,Via Pantè 1,76.96,0.16,da_verificare,Servizi e attività economiche,"VIA DELLA RESISTENZA, 48"
45914.89904862268,CENTRO SERVIZI ,Servizi e attività economiche,APSP MARGHERITA GRAZIOLI,VIA DELLA RESISTENZA 61/D,APSP MARGHERITA GRAZIOLI,0461 818101 - centroservizi@apspgrazioli.it - www.apspgrazioli.it,"Accesso riservato a determinati utenti (es. tesserati, residenti, …)",Misto,Aperto in determinati giorni/orari,Mattina,Mattina,Mattina,"Mattina, Pomeriggio",Mattina,,,Sempre aperto,,,"Il Centro Servizi promuove attività motorie, culturali e servizi di cura e igiene rivolti a persone adulto/anziane del territorio. La Residenza Sanitaria Assistenziale (di seguito RSA) è una struttura socio-sanitaria residenziale dedicata a persone adulto/anziane non autosufficienti che necessitano di assistenza.","Adulti (31–64 anni), Anziani (65+)","Associazioni / Gruppi organizzati, Persone fragili o in situazione di svantaggio sociale, Anziani","Si, in autonomia",No,Si,No,Si,45914,"Il Centro Servizi è facilmente raggiungibile sia con i mezzi pubblici sia con i mezzi privati. Dispone infatti di un ampio parcheggio coperto oppure scoperto con disco orario di 2 ore e si trova in corrispondenza della fermata degli autobus di linea urbana  n.5, n.13 e n. 16",46.066208,11.155608,commercio_e_servizi_di_prossimita.csv,Centro Estetico,Via della Resistenza 25,77.44,4.06,da_verificare,Servizi e attività economiche,VIA DELLA RESISTENZA 61/D
45914.90923582176,CASA MELOGRANO,Servizi e attività economiche,APSP MARGHERITA GRAZIOLI,VIA DELLA RESISTENZA N. 61/D,APSP MARGHERITA GRAZIOLI,0461 818101 - centroservizi@apspgrazioli.it - www.apspgrazioli.it,Accesso libero,Gratuito,Aperto in determinati giorni/orari,Mattina,Mattina,Mattina,"Mattina, Pomeriggio",Mattina,,,Sempre aperto,,,"Casa Melograno è un nuovo punto di vista sull'essere anziano, un nuovo servizio a disposizione di anziani e caregiver della collina est di Trento. Eroga servizi di risposta e sostegno concreto agli anziani e alle famiglie del territorio.

https://www.apspgrazioli.it/Spazi/Casa-Melograno","Adulti (31–64 anni), Anziani (65+)","Famiglie, Persone fragili o in situazione di svantaggio sociale","Si, in autonomia",No,Si,No,Si,45914,"Struttura nuova con accesso sbarrierato; dispone di ampio parcheggio coperto e scoperto con disco orario di 2 ore; adiacente alle fermate dell'autobus urbano di linea n. 5, n. 13 e n. 16",46.065951943293754,11.157336881383971,foursquare_povo.geojson,Casa di Riposo Margherita Grazioli,"Via della Resistenza, S/N",88.75,88.75,automatico,Servizi e attività economiche,VIA DELLA RESISTENZA N. 61/D
45914.913539456014,PUNTO PRELIEVI,Servizi e attività economiche,APSP MARGHERITA GRAZIOLI,VIA DELLA RESISTENZA N. 61/E,APSP MARGHERITA GRAZIOLI,0461 818156 - info@apspgrazioli.it - www.apspgrazioli.it ,Con prenotazione,Misto,Aperto in determinati giorni/orari,,,Mattina,,Mattina,,,Sempre aperto,,,"Il Punto Prelievi è un ambulatorio dedicato ai prelievi di sangue e alla consegna di liquidi e materiali biologici per esami biochimici effettuati dai laboratori dell'Azienda Provinciale per i Servizi Sanitari.

https://www.apspgrazioli.it/Spazi/Punto-Prelievi",Tutte la età,Tutti,"Si, in autonomia",No,Si,No,Si,45914,"È facilmente raggiungibile sia con i mezzi pubblici (linea urbana n. 5, n. 13 e n. 16) sia con quelli privati: è infatti dotato di ampio parcheggio coperto e scoperto con disco orario di 2 ore. ",,,,,,0.0,0.0,non_trovato,Servizi e attività economiche,VIA DELLA RESISTENZA N. 61/E
45914.922176319444,FAMIGLIA COOPERATIVA POVO,Servizi e attività economiche,FAMIGLIA COOPERATIVA POVO,PIAZZA MANCI -38123 POVO -TN-,FABRIZIO BELLOTTI (DIRETTORE), 0461 810268 - fcpovo@famcooperativa.it - www.famigliacooperativapovo.it,Accesso libero,A pagamento,Aperto in determinati giorni/orari,"Mattina, Pomeriggio","Mattina, Pomeriggio","Mattina, Pomeriggio","Mattina, Pomeriggio","Mattina, Pomeriggio","Mattina, Pomeriggio",,Sempre aperto,,,"La Famiglia Cooperativa di Povo, oltre alla consueta attività di vendita al dettaglio, garantisce molteplici servizi quali il servizio di consegna a domicilio, sconti e convenzioni per i soci, servizio di attivazione telefonia mobile Coopvoce e prenotazione libri di testo per la scuola a prezzi scontati. A queste attività si affiancano interventi a sostegno della comunità locale con contributi a favore delle numerose associazioni culturali e ricreative presenti sul territorio.",Tutte la età,Tutti,"Si, in autonomia",Si,Si,No,Si,45914,"E' il principale negozio di alimentari del sobborgo, con orario continuato dal lunedì al sabato. Adiacente alla fermata della linea urbana n.5, n.13 e n.16.

 www.famigliacooperativapovo.it",46.06632126559786,11.154434708861467,foursquare_povo.geojson,Famiglia Cooperativa di Povo dal 1895,"Piazza Manci Giannantonio, 8",100.0,0.0,automatico,Servizi e attività economiche,PIAZZA MANCI -38123 POVO -TN-
45914.92720737269,FAMIGLIA COOPERATIVA POVO -FILIALE DI SPRE',Servizi e attività economiche,FAMIGLIA COOPERATIVA POVO,"Via della Resistenza n. 79, 38123 Povo TN",FABRIZIO BELLOTTI -DIRETTORE,0461 810269 - fcpovo@famcooperativa.it - www.famigliacooperativapovo.it/punti-vendita,Accesso libero,A pagamento,Aperto in determinati giorni/orari,"Mattina, Pomeriggio",Mattina,"Mattina, Pomeriggio",Mattina,"Mattina, Pomeriggio",Mattina,,Sempre aperto,,,"La Famiglia Cooperativa di Povo, oltre alla consueta attività di vendita al dettaglio, garantisce molteplici servizi quali il servizio di consegna a domicilio, sconti e convenzioni per i soci, servizio di attivazione telefonia mobile Coopvoce e prenotazione libri di testo per la scuola a prezzi scontati. A queste attività si affiancano interventi a sostegno della comunità locale con contributi a favore delle numerose associazioni culturali e ricreative presenti sul territorio.",Tutte la età,Tutti,"Si, in autonomia",No,Si,No,No,45914,"Piccolo negozio, nella frazione di Sprè, a nord del sobborgo di Povo. Si trova in prossimità della fermata dell'autobus urbano di linea n. 5

www.https://famigliacooperativapovo.it/punti-vendita/",46.069323,11.161291,commercio_e_servizi_di_prossimita.csv,Famiglia Cooperativa Povo,"Via della Resistenza n. 79, 38123 Povo TN",100.0,9.86,automatico,Servizi e attività economiche,"Via della Resistenza n. 79, 38123 Povo TN"
45914.93598822917,UFFICIO POSTALE POVO,Servizi e attività economiche,POSTE ITALIANE,PIAZZA MANCI N. 4 38123 POVO -TN,,0461 810764,Accesso libero,Misto,Aperto in determinati giorni/orari,Mattina,,Mattina,,Mattina,,,Sempre aperto,,,"Oltre a fornire servizi postali di base, il Gruppo Poste Italiane offre in Italia prodotti integrati e servizi di risparmio postale, comunicazione, logistica e servizi finanziari.
Il gruppo offre inoltre un'ampia gamma di prodotti postali, dai servizi di corriere espresso a una vasta scelta di prodotti finanziari.
Alcuni dei servizi erogati:
Corrispondenza (Lettera, Raccomandata, Telegramma)
Spedizioni (Pacchi, Confezioni preaffrancate, Rete Punto Poste).
Conti (Conti BancoPosta, Servizi accessori).
Carte (Carte Postepay, Carte di debito, Carte di credito).
Invio denaro (Vaglia, Moneygram, Western Union)
Finanziamenti (Prestiti BancoPosta, Mutui BancoPosta)
Buoni fruttiferi postali, Libretti postali
Servizi digitali certificati (Identità digitale PosteID, Posta Elettronica Certificata)
Rilascio documenti (Successioni, Passaporti, Permessi di soggiorno, Carta Rdc)
INPS (Buoni lavoro, Emissione carte INPS)
","Giovani (18–30 anni), Adulti (31–64 anni), Anziani (65+)",Tutti,"Si, in autonomia",No,Si,No,Si,45914,"L'ufficio postale si trova nella piazza del sobborgo, nelle immediate vicinanze della fermata del trasporto pubblico urbano linee n.5, n.13 e n.16

www.ufficio-postale.it/trento/4827-poste-italiane/",,,,,,0.0,0.0,non_trovato,Servizi e attività economiche,PIAZZA MANCI N. 4 38123 POVO -TN
45963.445771053244,FARMACIA COMUNALE,Servizi e attività economiche,Comune di Trento,"Povo, Piazza G. Manci, 5",dott.ssa Lorenza Facchinelli,Tel. 0461 810525 farm06@farcomtrento.it https://www.farcomtrento.com/farmacie/farmacia-povo/,Accesso libero,A pagamento,Sempre aperto,,,,,,,,Sempre aperto,,,"Farmacia, con offerta di servizi aggiuntivi per la salute: misurazione pressione, profilo lipidico completo e emoglobina glicata, elettrocardiogramma, controllo del peso, test intolleranza alimentare, test diagnostici per lo streptococco di tipo A, angolo allattamento neonati, altri servizi come raccolta farmaci scaduti e noleggio strumenti.",Tutte la età,Tutti,"Si, in autonomia",,Si,,Si,45962,Farmacia molto frequentata. Orario 8.15 - 12.15  15.15 - 19.15 Sabato 8.15 - 12.15,46.06634941371948,11.15410298500785,foursquare_povo.geojson,Farmacia Comunale Povo,Piazza Giannantonio Manci 5,100.0,100.0,automatico,Servizi e attività economiche,"Povo, Piazza G. Manci, 5"
45963.45812697917,AB CARTOCOPISTERIA S.A.S.,Servizi e attività economiche,Soggetto privato,"Povo Via della Resistenza,  4 ",Ciurletti Roberta,0461 816168 -  info@abcopy.eu - https://www.abcopy.eu/,Accesso libero,A pagamento,Sempre aperto,,,,,,,,Sempre aperto,,,"Negozio di stampa e copisteria, cancelleria, giochi, articoli per la persona e per la casa, articoli regalo, toner e cartucce,  elettronica. Servizi di stampa e rilegatura tesi, UPS Access Point ",Tutte la età,Tutti,"Si, previa assistenza",,Si,,Si,45962,,46.066273,11.156069,commercio_e_servizi_di_prossimita.csv,AB Cartocopisteria,Via della Resistenza 48,100.0,6.8,automatico,Servizi e attività economiche,"Povo Via della Resistenza,  4 "
46069.75552427083,Fontana in Via Madonnina,Luoghi/monumenti di interesse storico/artistico e fontane,Circoscrizione di Povo,Via Madonnina,Ufficio Strade e aree demaniali,0461 884780,Accesso libero,Gratuito,Sempre aperto,,,,,,,,Sempre aperto,,,Piccola fontana pubblica d’acqua potabile,Tutte la età,Tutti,"Si, in autonomia",Si,Si,,,46069,non funzionante nei mesi invernali,,,,,,0.0,0.0,non_trovato,Luoghi/monumenti di interesse storico/artistico e fontane,Via Madonnina
46069.76070150463,Fontana in Piazza Manci,Luoghi/monumenti di interesse storico/artistico e fontane,Circoscrizione di Povo,Povo - Piazza G.Manci,Ufficio Strade e aree demaniali,0461884780,Accesso libero,Gratuito,Sempre aperto,,,,,,,,Sempre aperto,,,"Fontana storica della piazza, usata come arredo urbano e punto d’acqua potabile",Tutte la età,Tutti,"Si, in autonomia",Si,Si,,Si,46069,,46.06602499605463,11.154492069816758,foursquare_povo.geojson,Piazza Manci,None,77.14,77.14,da_verificare,Luoghi/monumenti di interesse storico/artistico e fontane,Povo - Piazza G.Manci
